<?xml version="1.0" encoding="UTF-8"?>
<project-private xmlns="http://www.netbeans.org/ns/project-private/1">
    <editor-bookmarks xmlns="http://www.netbeans.org/ns/editor-bookmarks/2" lastBookmarkId="0"/>
    <open-files xmlns="http://www.netbeans.org/ns/projectui-open-files/2">
        <group>
            <file>file:/C:/Users/Kevin%20Sebastian/OneDrive/Documentos/NetBeansProjects/sistema_gimnasio/src/sistema_gimnasio/vista/inicio.java</file>
            <file>file:/C:/Users/Kevin%20Sebastian/OneDrive/Documentos/NetBeansProjects/sistema_gimnasio/src/sistema_gimnasio/vista/iniciar_sesion.java</file>
            <file>file:/C:/Users/Kevin%20Sebastian/OneDrive/Documentos/NetBeansProjects/sistema_gimnasio/src/sistema_gimnasio/vista/funcionalidades.java</file>
            <file>file:/C:/Users/Kevin%20Sebastian/OneDrive/Documentos/NetBeansProjects/sistema_gimnasio/src/sistema_gimnasio/Sistema_gimnasio.java</file>
        </group>
    </open-files>
</project-private>
